"Acer Iconia A3-A10","a3-a10"
"Acer Iconia One 10","b3-a40 fhd"
"Acer Iconia One 10","b3-a40"
"Acer Iconia One 10","b3-a30"
"Acer ICONIA ONE 10","b3-a20"
"Acer Iconia One 7","b1-770"
"Acer ICONIA ONE 8","b1-810"
"Acer Iconia Tab","iconia tab a1-810"
"Acer Iconia Tab 10","a3-a40"
"Acer Iconia Tab 8","a1-850"
"Acer K330","k330"
"Acer Liquid Z6","t09"
"Acer Liquid Z630","t03"
"Acer Tablette tactile Iconia Tab 10","a3-a20"
"Alcatel 3C","5026d"
"Alcatel 5044C","alcatel_5044c"
"Alcatel A3","5046y"
"Alcatel A3 Plus","5011a"
"Alcatel A3 XL","9008d"
"Alcatel A30 Fierce","5049z"
"Alcatel A30 TABLET","9024w"
"Alcatel A5 LED","5085d"
"Alcatel Fierce 4","5056n"
"Alcatel Ideal","4060a"
"Alcatel idealXCITE","5044r"
"Alcatel Idealxcite","alcatel_5044r"
"Alcatel Idol 4","6055p"
"Alcatel one touch dawn","5027b"
"Alcatel One Touch Fierce XL ","5054n"
"Alcatel One Touch Idol 3","6045y"
"Alcatel ONE Touch PIXI 4","5045d"
"Alcatel One Touch PIXI 4","8050d"
"ALCATEL ONE TOUCH PIXI 4","5010d"
"Alcatel One Touch PIXI 4","8063"
"Alcatel One Touch Pixi Avion","a570bl"
"Alcatel One Touch Pop 3","5015d"
"Alcatel One Touch POP 3","5015a"
"Alcatel One Touch Pop 4 Plus","5056d"
"Alcatel OneTouch","a462c"
"ALCATEL onetouch A3 XL","9008x"
"ALCATEL ONETOUCH Elevate","5017b"
"ALCATEL ONETOUCH Idol 3","6045o"
"ALCATEL ONETOUCH IDOL 4","6055u"
"ALCATEL OneTouch POP 4","5056x"
"ALCATEL onetouch U5","4047x"
"ALCATEL Pixi 3 TAB","9022x"
"Alcatel Pixi 4","4034x"
"Alcatel Pixi 4","9001d"
"Alcatel Pixi 4","4034e"
"Alcatel Pixi 4","5010e"
"Alcatel Pixi 4","9001x"
"Alcatel Pixi 4","5012g"
"Alcatel Pixi 4","8050e"
"Alcatel Pixi 4","8050g"
"Alcatel PIXI 4","4034d"
"ALCATEL Pixi 4","5045x"
"Alcatel Pixi 4 ","5010x"
"Alcatel Pixi 4 ","5010g"
"ALCATEL PIXI AVION","a571vl"
"Alcatel Pixi Glory","a621bl"
"ALCATEL Pixi Unite","a466bg"
"Alcatel POP 4","5051x"
"Alcatel POP 4","7070x"
"Alcatel Pop 4","5056a"
"Alcatel Pop 4","5051d"
"Alcatel PulseMix","5085c"
"Alcatel PulseMix 5085C","alcatel 5085c"
"Alcatel Raven","a574bl"
"Alcatel Revvl","5049w"
"Alcatel Shine Lite","5080a"
"Alcatel Shine Lite","5080x"
"Alcatel T70","t70"
"Alcatel TRU 5065N","5065n"
"Alcatel U5","5044y"
"Alcatel U5","4047d"
"ALCATEL U5","5044d"
"Alcatel U5","4047a"
"Alcatel Vodafone Smart Prime","895n"
"Alcatel Zip","a577vl"
"Altice S70","s70"
"Altice STARADDICT 6","staraddict 6"
"Altice STARXTREM 6","starxtrem 6"
"Amazon Fire 7","fire (2015)"
"Amazon Fire 7","fire 7 (2017)"
"Amazon Fire HD 10","fire hd 10 (2015)"
"Amazon Fire HD 10","kfsuwi"
"Amazon Fire HD 8","kfdowi"
"Amazon Fire HD 8","fire hd 8 (2017)"
"Amazon Fire HD 8","fire hd 8 (2016)"
"Amazon KFASWI","kfaswi"
"Amazon KFAUWI","kfauwi"
"Amazon KFGIWI","kfgiwi"
"Amazon Kindle Fire","kindle fire hdx 7"
"Amazon Kindle Fire","kfmewi"
"Amazon Kindle Fire HD 6","kfarwi"
"Amazon Kindle Fire HD 7","kftt"
"Amazon Kindle Fire HDX 7","kfthwi"
"Amazon KSFUWI","ksfuwi"
"AMD Radeon R5","m255"
"ANS UL40","ul40"
"Apple iPad Air 2","ipad air 2 - wifi"
"Apple iPad Air 2 ","ipad air 2"
"Apple iPhone 4S","iphone 4s"
"Apple IPhone 5s","iphone 5s"
"Aquaris U2","aquaris u2 lite"
"AQUOS R","605sh"
"AQUOS R SHV39","shv39"
"AQUOS sense","shv40"
"AQUOS sense SH-01K","sh-01k"
"Archos 101D Neo","101d neon"
"ARCHOS 101e Neon","101e neon"
"Archos 55 Diamond Selfie","55 diamond selfie"
"Archos 55 Helium","55 helium"
"ARCHOS Core 101","core 101 3g"
"Asus K01E","k01e"
"ASUS MeMO Pad HD 7","me173x"
"Asus x007d","x007d"
"Asus ZenFone 2","z00ad"
"Asus ZenFone 2","asus_z00ad"
"asus zenfone 2","z00ed"
"Asus Zenfone 2","ze551ml"
"Asus zenfone 2","ze551ml (z00ad)"
"Asus Zenfone 2 Laser","asus_z00ed"
"Asus Zenfone 2 Laser","z00md"
"Asus ZenFone 2 Laser","ze550kl (z00ld)"
"Asus Zenfone 2 Laser","z011d"
"Asus Zenfone 2 Laser","z00ld"
"Asus ZenFone 3","ze552kl (z012dc)"
"Asus ZenFone 3","asus_z017d"
"Asus ZenFone 3","zc520tl (x008dc)"
"Asus zenfone 3","zc520tl (x008d)"
"Asus Zenfone 3","z017d"
"Asus zenfone 3","z012d"
"Asus Zenfone 3","z012s"
"Asus ZenFone 3 Laser","z01bd"
"Asus Zenfone 3 Max","x00dd"
"Asus ZenFone 3 Max","zc553kl (x00dd)"
"Asus ZenFone 3 Max","asus_x00dd"
"Asus zenfone 3 max","x008d"
"Asus Zenfone 3 Max","asus_x008d"
"Asus Zenfone 4","x00id"
"Asus Zenfone 4","zc554kl (x00id)"
"Asus ZenFone 4","x00ld"
"Asus Zenfone 4 Max","zc520kl (x00hd)"
"ASUS ZenFone 4 Max","asus_x00hd"
"Asus Zenfone 4 Max","asus_x00id"
"Asus Zenfone 4 Max","x00hd"
"ASUS Zenfone 5","t00j-d"
"Asus Zenfone 5","asus_t00j"
"Asus Zenfone 5","t00j"
"ASUS Zenfone 5 Max","asus_x00qd"
"Asus Zenfone 6","z002"
"Asus Zenfone Go","z00vd"
"Asus Zenfone Go","zb500kl (x00ad)"
"Asus Zenfone Go","x013d"
"Asus Zenfone Go","asus_z00vd"
"Asus ZenFone Go","zb551kl"
"ASUS ZENFONE GO","asus_x014d"
"Asus ZenFone Go","zc500tg"
"Asus ZenFone GO","asus_x00ad"
"Asus Zenfone Go ZB500KL","x00ad"
"Asus Zenfone Live","a007"
"Asus Zenfone Live","zb501kl (a007)"
"Asus ZenFone Live","asus_a007"
"Asus ZenFone Live Plus","x00lda"
"Asus Zenfone Max","asus_z010d"
"Asus ZenFone Max","zc550kl (z010d)"
"Asus Zenfone Max ","z010d"
"Asus Zenfone Max Plus","zb570tl (x018d)"
"ASUS ZenFone Max Plus M1","zb570tl"
"Asus ZenFone Selfie","z00ud"
"Asus ZenFone Selfie","zd551kl (z00ud)"
"Asus Zenfone Selfie","asus_z00ud"
"Asus Zenfone V","asus_a006"
"ASUS ZenFone V Live","v500kl (a009)"
"Asus ZenFone V Live","asus_a009"
"Asus ZenFone2 Laser","asus_z00ld"
"ASUS ZenPad 10","z300c (p023)"
"Asus ZenPad 10","z301m (p028)"
"ASUS ZenPad 10","p01t_1"
"ASUS ZenPad 10","p00c"
"ASUS ZenPad 10","z300m/p00c"
"ASUS ZenPad 10","p023"
"Asus Zenpad 10","p028"
"ASUS ZenPad 3S 10","z500m"
"ASUS ZenPad 3S 10","z500m (p027)"
"ASUS ZenPad 8.0","z380m(p00a)"
"Asus ZenPad 8.0","p024"
"ASUS ZenPad 8.0","z380m"
"Asus Zenpad C","p01y"
"ASUS ZenPad Z10","zt500kl (p00i)"
"Asus Zenpad Z10","p00i"
"ASUS Zenpad Z8s","p00j"
"ASUS ZenPad Z8s","asus_p00j"
"ATT Trek Tablet","9020a"
"BAUNZ T60","t60"
"BlackBerry DTEK50","sth100-2"
"BlackBerry Keyone","bbb100-1"
"BlackBerry KEYone","bbb100-2"
"BlackBerry Priv","stv100-4"
"Blackberry Priv","stv100"
"Blackview A7 Pro","a7pro"
"Blackview bv6000","bv6000"
"Blackview bv6000s","bv6000s"
"Blackview BV7000 Pro","bv7000 pro"
"Blackview BV8000 Pro","bv8000 pro"
"BLU R1","r1 hd"
"BLU S1","s1"
"BLU Vivo XL2","vivo xl2"
"BQ Aquaris A4.5","aquaris a4.5"
"Bq Aquaris E4","aquaris e4"
"Bq Aquaris E4.5 Ubuntu Edition","aquaris e4.5"
"bq Aquaris E5","aquaris e5"
"BQ Aquaris E5 HD","aquaris e5 hd"
"bq Aquaris M10","aquaris m10 fhd"
"BQ Aquaris M10","aquaris m10"
"bq Aquaris M5","aquaris m5"
"bq Aquaris M5.5","aquaris m5.5"
"BQ Aquaris U","aquaris u"
"BQ Aquaris U Lite","aquaris u lite"
"Bq Aquaris U Plus","aquaris u plus"
"BQ Aquaris U2","aquaris u2"
"BQ Aquaris V","aquaris v"
"BQ Aquaris V Plus","aquaris v plus"
"BQ Aquaris X","aquaris x"
"BQ Aquaris X","aquaris x pro"
"bq Aquaris X5 Plus","aquaris x5"
"bq Aquaris X5 Plus","aquaris x5 plus"
"BQ Mobile BQS-5065 Choice","bqs-5065"
"Casper Via A1","via a1 1"
"Casper Via A1","via a1"
"Casper Via A1 1","via_a1_1"
"Casper VIA E1","via e1"
"Casper VIA E2","via e2"
"Casper VIA F1","via f1"
"Casper VIA G1","via g1 plus"
"Casper VIA M1","via m1"
"Casper VIA M2","via m2"
"Casper VIA M3","via m3"
"Casper VIA P2","via p2"
"Casper VIA V3","via v3"
"Casper VIA V5","via v5"
"Casper VIA V9","via v9"
"Cat Phones S60","s60"
"CAT S30","s30"
"Cat S40","s40"
"CAT S41","s41"
"Coolpad 3632","coolpad 3632a"
"Coolpad 3632A","3632a"
"Coolpad 8079","8079"
"Coolpad Canvas","cp3636a"
"Coolpad Catalyst","coolpad 3622a"
"CoolPAD Catalyst 3622A","3622a"
"Crosscall ACTION-X3","action-x3"
"CrossCall Trekker X3","trekker-x3"
"Cubot Dinosaur","dinosaur"
"CUBOT Note S","note s"
"Cubot X18","x18"
"Doogee DG500 Discovery ","dg500"
"Edison 3","edison 3"
"Ellipsis 8","qtasun1"
"Essential Phone PH-1","ph-1"
"Fairphone 2","fp2"
"Four Mobile K500","k500"
"Fujitsu Arrows","f-01j"
"Galaxy J3","sm-j330fn"
"Galaxy J3","sm-j320vpp"
"Galaxy Note8","scv37"
"Galaxy Tab 2","gt-p5113"
"Galaxy Tab 3 10.1","gt-p5210"
"Galaxy Tab A","sm-t550"
"Galaxy Tab E","sm-t560nu"
"general mobile","general mobile 4g dual"
"General Mobile 4G","general mobile 4g"
"General Mobile Discovery","discovery"
"General Mobile Discovery Elite","discovery elite"
"General Mobile Discovery II Mini","discovery ii mini"
"General Mobile ETAB 5","etab5"
"General Mobile GM 5","gm 5"
"General Mobile GM 5 Plus","gm 5 plus"
"General Mobile GM 5 Plus","gm 5 d"
"General Mobile GM 6","gm 6"
"General Mobile GM 6","gm6_tur"
"General Mobile GM 6","gm 6 d"
"General Mobile GM 8","gm 8"
"General Mobile GM 8","gm 8 d"
"General Mobile GM6","gm6"
"General Mobile GM8","gm8 go"
"Generic android tablet","generic android tablet"
"Gigaset Gs160","gs160"
"Gigaset GS170","gs170"
"Gionee M6","m6"
"GM 5 Plus","gm 5 plus d"
"Google Nexus 10","nexus 10"
"Google Nexus 5","nexus 5"
"Google Nexus 5X","nexus 5x"
"Google Nexus 5x","h790"
"Google Nexus 6","nexus 6"
"Google Nexus 6P","nexus 6p"
"Google Nexus 7","nexus 7"
"Google Pixel","pixel"
"Google Pixel 2","pixel 2"
"Google Pixel 2","g011a"
"Google Pixel 2 XL","pixel 2 xl"
"Google Pixel 2 XL Phone","g011c"
"Google Pixel XL","pixel xl"
"Hisense F23","hisense f23"
"Hisense F23","f23"
"Honor 5X","kiw-l24"
"HTC 10","6545lvw"
"HTC 10","htc6545lvw"
"HTC 10","2ps64"
"HTC 10","2ps6500"
"HTC 10","htc 10"
"HTC Bolt","2pyb2"
"HTC Desire","desire"
"HTC Desire","620g"
"HTC Desire 10 lifestyle","desire 10 lifestyle"
"HTC Desire 10 lifestyle","htc desire 10 lifestyle"
"Htc Desire 10 Pro","desire 10 pro"
"HTC Desire 510","desire 510"
"HTC Desire 526","desire 526"
"HTC Desire 526G","desire 526g"
"HTC Desire 526G","htc desire 526g dual sim"
"HTC Desire 530","d160lvw"
"HTC Desire 530","d160lvwpp"
"HTC Desire 530","2pst100"
"HTC Desire 530","desire 530"
"HTC Desire 530","htc desire 530"
"HTC Desire 610","desire 610"
"HTC Desire 620","desire 620"
"HTC Desire 626","desire 626s"
"HTC Desire 626","htc desire 626"
"HTC Desire 626","htc desire 626s"
"HTC Desire 626","desire 626g"
"HTC Desire 626","desire 626"
"HTC Desire 626","0pkx220"
"HTC Desire 626s","0pm92"
"HTC Desire 628","desire 628"
"HTC Desire 650","htc desire 650"
"HTC Desire 650","desire 650"
"HTC Desire 728","desire 728"
"HTC Desire 728","htc desire 728 dual sim"
"HTC Desire 728G","desire 728g"
"HTC Desire 816","desire 816"
"HTC Desire 816","desire 816g"
"HTC Desire 820","htc desire 820"
"HTC Desire 820","desire 820"
"HTC Desire 820G+","desire 820g plus dual sim"
"HTC Desire 820Gplus","desire 820g"
"HTC Desire 820Gplus","htc desire 820g plus dual sim"
"HTC Desire 825","desire 825"
"HTC Desire 828","desire 828"
"HTC Desire 830","desire 830"
"HTC Google Nexus 9","nexus 9"
"HTC One","htc one"
"HTC One A9","one a9"
"HTC One A9","2pq93"
"HTC One A9","htc one a9"
"HTC One A9s","one a9s"
"HTC One A9s","htc one a9s"
"Htc One M7","one m7"
"HTC ONE M8","6525lvw"
"HTC One M8","m8"
"HTC One M8","one m8"
"HTC One M8","htc one_m8"
"HTC One M8s","one m8s"
"HTC One M9","htc one m9"
"HTC One M9","6535lvw"
"HTC One M9","m9"
"HTC One M9","one m9"
"HTC One M9plus","m9 plus"
"HTC One Mini 2","one mini 2"
"htc u play","htc u play"
"HTC U Play","u play"
"HTC U Ultra","htc u ultra"
"HTC U Ultra","u ultra"
"HTC U11","htc u11"
"HTC U11","u11"
"HTC U11","2pzc5"
"HTC U11 Life","u11 life"
"Huawei Ascend G620S-L01","g620s-l01"
"Huawei Ascend G7","huawei g7-l01"
"Huawei Ascend G7","g7-l01"
"Huawei Ascend Mate 7","mt7-l09"
"Huawei Ascend P7","ascend p7 l10"
"Huawei Ascend P7","huawei p7-l10"
"Huawei Ascend P8","huawei gra-l09"
"Huawei Ascend XT","h1611"
"Huawei Ascend XT2","h1711"
"Huawei dtab","d-02h"
"Huawei Elate","h1711z"
"Huawei G Play Mini","chc-u01"
"Huawei G8","huawei rio-l01"
"Huawei G8","rio-l01"
"Huawei GR3","huawei tag-l21"
"Huawei GR3","tag-l21"
"Huawei GR5","kii-l05"
"Huawei GR5","bll-l21"
"Huawei GR5","bll-l22"
"Huawei GR5 KII-L21","kii-l21"
"Huawei GT3","nmo-l31"
"Huawei Honor 10","col-l29"
"Huawei Honor 3C","h30-u10"
"Huawei Honor 4A","scl-tl00h"
"Huawei Honor 4C","chm-u01"
"Huawei Honor 4X","che2-l11"
"Huawei Honor 5C","nem-l51"
"Huawei Honor 5X","kiw-l21"
"Huawei Honor 6","h60-l04"
"Huawei Honor 6A","dli-tl20"
"HUAWEI Honor 6A","dli-l22"
"Huawei Honor 6A Pro","dli-l42"
"Huawei Honor 6C","dig-l21hn"
"Huawei Honor 6C Pro","jmm-l22"
"Huawei Honor 6X","bln-l21"
"Huawei Honor 6x","bln-l24"
"Huawei Honor 7","plk-l01"
"Huawei Honor 7 Lite","nem-l21"
"Huawei Honor 7A","aum-l29"
"Huawei Honor 7S","dua-l22"
"Huawei Honor 7X","bnd-l24"
"Huawei Honor 7X","bnd-l21"
"Huawei Honor 8","frd-l09"
"Huawei Honor 8","frd-l04"
"Huawei Honor 8","frd-l19"
"Huawei Honor 8 Lite","pra-tl10"
"Huawei Honor 8 Pro","duk-l09"
"Huawei Honor 9","stf-l09"
"Huawei Honor 9","honor 9 stf-l09"
"Huawei Honor 9 Lite","lld-l21"
"Huawei Honor 9 Lite","lld-al10"
"Huawei Honor 9 Lite","lld-l31"
"Huawei Honor Holly","hol-u19"
"Huawei Honor View 10","bkl-l09"
"HUAWEI Mate 10","cc"
"Huawei Mate 10","bla-l09"
"Huawei Mate 10","alp-l09"
"Huawei Mate 10 Lite","rne-l21"
"Huawei Mate 10 Lite L01","rne-l01"
"Huawei Mate 10 Pro","bla-l29"
"Huawei Mate 8","huawei nxt-l29"
"Huawei Mate 8","nxt-l29"
"Huawei Mate 9","mha-l29"
"HUAWEI Mate 9","mha-l09"
"Huawei Mate 9 Lite","bll-l23"
"HUAWEI Mate 9 Pro","lon-l29"
"Huawei Mate S","crr-l09"
"Huawei MediaPad","t1-701u"
"Huawei Mediapad M3","btv-w09"
"Huawei Mediapad M3","btv-dl09"
"HUAWEI MediaPad M3 Lite","bah-w09"
"Huawei MediaPad M3 Lite 10","bah-l09"
"Huawei MediaPad T1","mediapad t1 7.0"
"Huawei MediaPad T1","t1 7.0"
"Huawei MediaPad T1","t1-a21w"
"HUAWEI MediaPad T1","t1-a21l"
"Huawei MediaPad T2","fdr-a01l"
"Huawei MediaPad T3","bg2-u01"
"Huawei MediaPad T3","bg2-w09"
"Huawei MediaPad T3","kob-l09"
"HUAWEI MediaPad T3 10","ags-w09"
"Huawei MediaPad T3 10","ags-l09"
"Huawei Nexus 6P","h1512"
"Huawei Nova","huawei can-l11"
"Huawei Nova","can-l11"
"Huawei Nova","can-l01"
"HUAWEI nova 2 Plus","bac-l21"
"Huawei Nova 2i","rne-l22"
"Huawei Nova Plus","mla-l01"
"Huawei Nova Plus","mla-l11"
"Huawei Nova Smart","dig-l01"
"Huawei Nova Young","mya-l11"
"HUAWEI Nova2","pic-lx9"
"Huawei P Smart","fig-lx1"
"Huawei P Smart","fig-lx3"
"HUAWEI P smart","fig-la1"
"Huawei P10","p10"
"Huawei P10","vtr-l29"
"Huawei P10 Lite","was-lx1a"
"Huawei P10 Lite","vtr-l09"
"Huawei P10 Lite","was-lx3"
"Huawei P10 Lite","was-tl10"
"Huawei P10 Lite","was-lx2j"
"Huawei P10 Lite","was-l03t"
"Huawei p10 Lite","was-lx1"
"Huawei P10 Plus","vky-l09"
"HUAWEI P10 Plus","vky-l29"
"Huawei P20","eml-l09"
"Huawei P20 ","eml-l29"
"Huawei P20 Lite","ane-lx1"
"HUAWEI P20 lite","ane-lx2"
"HUAWEI P20 lite","ane-lx3"
"Huawei P20 Pro","clt-l09"
"Huawei P20 Pro","clt-l29"
"Huawei P7-L10","p7-l10"
"HUAWEI P8","gra-ul10"
"Huawei P8","gra-l09"
"Huawei P8 Lite","pra-lx1"
"Huawei P8 Lite","ale-l21"
"Huawei P8 Lite","pra-la1"
"Huawei P8 Lite","ale-l23"
"Huawei P8 Lite Smart","huawei tag-l01"
"Huawei P8 Lite Smart","tag-l01"
"Huawei P9","eva-l09"
"Huawei P9","eva-l19"
"Huawei P9 Lite","vns-l31"
"Huawei P9 Lite","vns-l21"
"Huawei P9 Lite","huawei vns-l21"
"Huawei P9 Lite ","pra-lx3"
"Huawei P9 Lite ","vns-l23"
"Huawei P9 Lite Dual VNS-L31 4G","huawei vns-l31"
"Huawei P9 Lite Mini","sla-l22"
"Huawei P9 Lite Mini","sla-l02"
"Huawei P9 Plus","vie-l09"
"Huawei Rne L03","rne-l03"
"Huawei SENSA","h710vl"
"Huawei Y3","cro-l22"
"Huawei Y3","cro-u00"
"Huawei Y3","y360-u61"
"Huawei Y3 II","lua-u22"
"Huawei Y3 II","huawei lua-u22"
"Huawei Y3II","huawei lua-l21"
"Huawei Y3II","lua-l21"
"Huawei Y3II","lua-u21"
"Huawei Y5","dra-l21"
"Huawei Y5","mya-l22"
"Huawei Y5","y560-l01"
"Huawei Y5","huawei y560-l01"
"Huawei Y5 II","huawei cun-l21"
"Huawei Y5 II","cun-l03"
"Huawei Y5 Pro","mya-l13"
"Huawei Y5-II","huawei cun-l01"
"Huawei Y5-II","cun-l01"
"Huawei Y5II","cun-l21"
"Huawei Y5II","cun-u29"
"Huawei Y6","mya-l41"
"Huawei Y6","mya-l03"
"Huawei Y6","huawei scl-l01"
"Huawei Y6","atu-l21"
"Huawei Y6","atu-l11"
"Huawei Y6","scl-l21"
"Huawei Y6","scl-l01"
"Huawei Y6 II","cam-l23"
"Huawei Y6 II","cam-l03"
"Huawei Y6 II","lyo-l01"
"Huawei Y6 Pro","tit-al00"
"Huawei Y6 Pro","tit-l01"
"Huawei Y6 Pro","tit-u02"
"Huawei Y625","y625-u51"
"Huawei Y625","huawei y625-u13"
"Huawei Y625","huawei y625-u21"
"Huawei Y625","y625-u21"
"Huawei Y625","huawei y625-u51"
"Huawei Y635","y635-l01"
"Huawei Y635","y635-l21"
"Huawei Y6II","huawei lyo-l01"
"Huawei Y6II","lyo-l21"
"Huawei Y6ii Cam","cam-l21"
"Huawei Y6II Compact","huawei lyo-l21"
"Huawei Y6II Compact","lyo-l01 compact"
"Huawei Y7","ldn-l01"
"Huawei Y7","trt-lx3"
"Huawei Y7 Prime","trt-l53"
"Huawei Y7 Prime","trt-l21a"
"Huawei Y7 Prime","ldn-l21"
"Huawei Y7 TRT-LX1","trt-lx1"
"Huawei Y9","fla-lx1"
"Iconia One 8","b1-850"
"Infinix Hot 4 Pro","infinix hot 4"
"Infinix Hot 5","x559c"
"Infinix Hot 5","infinix x559c"
"INFINIX NOTE 4","x572"
"Infinix Note 4","infinix x572"
"InnJoo Halo X","halo x"
"iPad","ipad"
"iPad","ipad retina (4th gen)"
"iPad (5th generation)","ipad (5th gen)"
"ipad 4","ipad 4"
"ipad 4","ipad4,4"
"ipad 5","ipad 5 - wifi"
"ipad air","ipad air"
"iPad Air","ipad air - wifi"
"Ipad air 2","ipad air 2 - cellular"
"iPad Air 2","ipad air - cellular"
"ipad mini","ipad mini"
"iPad Mini Retina","ipad mini retina - wifi"
"ipad4","ipad4,1"
"ipad5","ipad5,3"
"iPad6","ipad6,11"
"iPhone","iphone"
"iphone 5","iphone 5 cdma"
"iphone 5","iphone 5"
"iPhone 5C","iphone 5c"
"iPhone 5S","iphone6,2"
"iPhone 6","iphone 6"
"iphone 6 plus","iphone 6 plus"
"iPhone 6s","iphone 6s"
"iPhone 6s plus","iphone 6s plus"
"iPhone 7","iphone 7"
"iPhone 7 plus","iphone 7 plus"
"iPhone 7 Plus","7 plus"
"iPhone 8","iphone 8"
"iPhone 8.2","iphone8,2"
"iPhone 8plus","iphone 8 plus"
"iPhone 9","iphone9,3"
"iPhone SE","iphone se"
"iPhone X","iphone x"
"iphone10","iphone10,4"
"iphone10","iphone10,6"
"iphone10","iphone10,5"
"iPhone7","iphone7,1"
"iphone7","iphone7,2"
"iphone8","iphone8,1"
"iphone8","iphone8,4"
"iphone9","iphone9,4"
"iPod","ipod"
"iPod Touch","ipod touch"
"Kindle Fire 5th Gen","kffowi"
"kindle fire hd","kindle fire hd"
"Kindle Fire HD 10","kftbwi"
"Kindle Fire HD 6","fire hd 6"
"Kindle Fire HD 7","kfsowi"
"Kindle Fire HD 7","fire hd 7"
"Kindle Fire HD 7","kindle fire hd 7 (3rd gen)"
"Konrow just5","just5"
"Kyocera Brigadier E6782","e6782"
"Kyocera DuraForce PRO","e6810"
"Kyocera Hydro Icon","c6730"
"Kyocera Hydro Reach","c6743"
"Kyocera Hydro Wave","c6740n"
"Lava Iris 50","iris50"
"LAVA Iris 702","iris702"
"Lava Iris 820","iris 820"
"Lava Iris 870","iris 870"
"Leagoo kiicaa power","kiicaa power"
"LeEco Le S3","lex626"
"Lenovo A10-70","a7600-h"
"Lenovo A1000","lenovo a1000"
"Lenovo A1000","a1000"
"Lenovo A2010","a2010-a"
"Lenovo A2010","lenovo a2010-a"
"Lenovo A5000","a5000"
"Lenovo A536","lenovo a536"
"Lenovo A536","a536"
"Lenovo A6000","lenovo a6000"
"Lenovo A6000","a6000"
"Lenovo A6010","a6010"
"Lenovo A7000","a7000-a"
"Lenovo A7000","lenovo a7000-a"
"Lenovo A7000","a7000"
"Lenovo B","a2016a40 b"
"Lenovo B","lenovo a2016a40"
"Lenovo C2","lenovo k10a40"
"Lenovo C2","k10a40"
"Lenovo Ideapad","a5500-f"
"Lenovo Ideatab","a7600-f"
"Lenovo IdeaTab A10","lenovo a7600-f"
"Lenovo IdeaTab Yoga B8000","b8000-f"
"lenovo k33","k33 a48"
"Lenovo K33b36","lenovo k33b36"
"Lenovo K5 Note","lenovo a7020a48"
"Lenovo K5 Note","a7020a48"
"Lenovo K6","lenovo k33a48"
"Lenovo K6 Note","k53a48"
"Lenovo K6 Note","lenovo k53a48"
"Lenovo K6 Power","k33a42"
"Lenovo K6 Power","lenovo k33a42"
"Lenovo Moto G4","moto g (4)"
"Lenovo Moto G5","moto g (5)"
"Lenovo P2","lenovo p2a42"
"Lenovo P2","p2"
"Lenovo P2","p2a42"
"Lenovo P70","lenovo p70-a"
"Lenovo P70","p70-a"
"Lenovo S90","s90-a"
"Lenovo Tab 10","tb-x103f"
"Lenovo TAB 2","lenovo tb2-x30f"
"LENOVO TAB 2","tb2-x30l"
"Lenovo Tab 2","a7-30hc"
"Lenovo Tab 2","a10-70l"
"Lenovo Tab 2","tb2-x30f"
"Lenovo TAB 2","a10-70f"
"Lenovo Tab 2","a7-10"
"Lenovo Tab 2 A10-70","lenovo tab 2 a10-70f"
"Lenovo Tab 2 A7-20F","a7-20f"
"Lenovo Tab 3 Business","tb3-x70f"
"Lenovo Tab 4","tb-x704f"
"Lenovo Tab 4","tb-x304f"
"Lenovo Tab 7 Essential","tb-7304f"
"Lenovo tab2","tab2a7-10f"
"Lenovo Tab3 7","lenovo tb3-710f"
"Lenovo Tab3 7","tb3-710i"
"Lenovo Tab3 7","lenovo tb3-710i"
"Lenovo Tab3 7","tb3-710f"
"Lenovo Tab3 8","tb3-850f"
"Lenovo TAB4 TB-8504F","tb-8504f"
"Lenovo TAB4 X103F","lenovo tb-x103f"
"Lenovo ThinkPad X230","x230"
"Lenovo Vibe","p1a41"
"Lenovo Vibe","p1ma40"
"Lenovo Vibe A Plus","a1010a20"
"Lenovo Vibe B","a2016b30"
"Lenovo Vibe C","a2020a40"
"Lenovo Vibe C","lenovo a2020a40"
"Lenovo Vibe K4 Note","lenovo a7010a48"
"Lenovo Vibe K4 Note","a7010a48"
"Lenovo Vibe K5","a6020l36"
"Lenovo Vibe K5","lenovo a6020l36"
"Lenovo Vibe K5","lenovo a6020a40"
"Lenovo Vibe K5","a6020a41"
"Lenovo Vibe K5","a6020a40"
"Lenovo Vibe K5 Plus","a6020a46"
"Lenovo Vibe K5 Plus","lenovo a6020a46"
"Lenovo Vibe K6","k33b36"
"Lenovo Vibe K6","k33a48"
"Lenovo Vibe P1","p1a42"
"Lenovo Vibe P1m","lenovo p1ma40"
"Lenovo Vibe S1","s1a40"
"Lenovo Vibe Shot","z90a40"
"Lenovo Vibe X2","x2-eu"
"Lenovo X1030X","x1030x"
"Lenovo x240","x240"
"Lenovo Xt1650 Moto Z ","xt1650"
"Lenovo Yoga Tab 3","yt3-850f"
"Lenovo Yoga Tab 3","yt3-x50f"
"Lenovo YOGA TAB 3 Plus","yt-x703f"
"Lenovo Yoga Tablet 2","1050f"
"LeTV LeEco Le Max 2","le x820"
"LG Aristo","ms210"
"LG Aristo","m210"
"LG Aristo","lg-m210"
"LG Aristo 2","lm-x210(g)"
"LG Aristo 2","lm-x210"
"LG Aristo MS210","lgms210"
"LG Bello 2","x150"
"LG D405 L90","d405"
"LG Escape 3","k373"
"LG Escape 3 K373","lg-k373"
"LG Fiesta","l64vl"
"LG Fiesta","lgl64vl"
"LG Fiesta","l63bl"
"LG Fiesta","lgl164vl"
"LG Fiesta 2","l163bl"
"LG Fiesta 2","l164vl"
"LG Fortune","lg-m153"
"LG Fortune 2","lm-x210cm"
"LG Fortune M153","m153"
"LG G Pad","vk810"
"LG G Pad","vk815"
"LG G Pad","lg-lk460"
"LG G Pad","v410"
"LG G Pad 7.0","lg-v410"
"LG G Pad F2","lk460"
"LG G Pad V495","v495"
"LG G Pad X","v521"
"LG G Stylo","lgms631"
"LG G Stylo","lg-h631"
"LG G Stylo","ls770"
"LG G Stylo","h634"
"LG G Stylo","ms631"
"LG G Stylo ","h631"
"LG G Vista","vs880pp"
"LG G Vista","vs880"
"LG G2","d802t"
"LG G2","lg-d802"
"LG G2","d802"
"LG G2","d802tr"
"LG G2 mini","d620"
"LG G3","d855"
"LG G3","lg-d855"
"LG G3","d852"
"LG G3","vs985"
"LG G3","ls990"
"LG G3","d850"
"LG G3 Beat","d723"
"LG G3 S","d722"
"LG G3 Stylus","d693tr"
"LG G3 Stylus","d690"
"LG G3 Stylus","lg-d693n"
"LG G4","h810"
"LG G4","ls991"
"LG G4","h812"
"LG G4","lg-h815"
"LG G4","vs986"
"LG G4 ","h811"
"LG G4 H815","h815"
"LG G4 H815","h818"
"LG G4 Stylus","h540"
"LG G4 Stylus","h635"
"LG G4 Stylus ","h542"
"LG G4c","h525"
"LG G4C ","h525n"
"LG G4s","h735"
"LG G5","lg-h830"
"LG G5","rs988"
"LG G5","lg-h820"
"LG G5","h850"
"LG G5","vs987"
"LG G5","h830"
"LG G5","ls992"
"LG G5","lgls992"
"LG G5 ","lg-h850"
"LG G5 ","h840"
"LG G5 H820","h820"
"LG G5 H831","h831"
"LG G5 H840","lg-h840"
"LG G5 H850","lg/h850"
"LG G5 H860","h860"
"LG G6","lg-ls993"
"LG G6","h871"
"LG G6","us997"
"LG G6","h870ds"
"LG G6","lgus997"
"LG G6","vs988"
"LG G6","h873"
"LG G6","h872"
"LG G6","lg-h870"
"LG G6","lg-h872"
"LG G6","ls993"
"LG G6 Astro Black","h870"
"LG G6 H871","lg-h871"
"LG G7 ThinQ","lm-g710vm"
"LG G7 ThinQ","lm-g710"
"LG Google Nexus 4","nexus 4"
"LG Harmony","m257"
"LG Harmony","lg-m257"
"LG Judy","lg-g710"
"LG K10","lg-k410"
"LG K10","lg-k425"
"LG K10","lg-k428"
"LG K10","f670s"
"LG K10","m250"
"LG K10","lg/m250"
"LG K10","k420"
"LG K10","k430"
"LG K10","lg-k430"
"LG K10","ms428"
"LG K10","k425"
"LG K10","lg-k420"
"LG K10","lgms428"
"LG K10 LG-K428","k428"
"LG K10 M250","lg-m250"
"LG K20","mp260"
"LG K20","vs501"
"LG K20","lg-m255"
"LG K20 Plus","lgmp260"
"LG K20 plus","tp260"
"LG K20 Plus","lg-tp260"
"LG K3","k100"
"LG K3","ls450"
"LG K30","lm-x410(fg)"
"LG K4","k130"
"LG K4","k121"
"LG K4","lg-k130"
"LG K4","lg/m160"
"LG K4","lg-m151"
"LG K4","m160"
"LG K4","lg-x230"
"LG K4","lg-m160"
"LG K5","x220"
"LG K7","lg-k330"
"LG K7","x210"
"LG K7","ms330"
"LG K7","k7"
"LG K7","lgms330"
"LG K7 X210","lg-x210"
"LG K8","lg-x240"
"LG K8","k350"
"LG K8","lg/m200"
"LG K8","lg-m200"
"LG K8","m200"
"LG K8","lg-k350"
"LG K8","us215"
"LG K8 V","vs500"
"LG K8 V","vs500pp"
"LG L Bello","lg-d331"
"LG L Bello","d331"
"LG L Prime","d337"
"LG Leon","h340n"
"LG Leon","ms345"
"LG Leon","h320"
"LG LM-X410 (FG)","x410(fg)"
"LG Nexus 4","e960"
"LG Nexus 5","d820"
"LG Optimus G","e975"
"LG Optimus L70","d320"
"LG Optimus L90","d415"
"LG Optimus Zone 3","vs425pp"
"LG Phoenix 2","lg-k371"
"LG Phoenix 2","k371"
"LG Phoenix 3","lg/m150"
"LG Phoenix 3","m150"
"LG Phoenix 3","lg-m150"
"LG Power L22C","l22c"
"LG Premier","lgl62vl"
"LG Premier LTE","l62vl"
"LG Premier Pro","lml413dl"
"LG Q6","lg-m700"
"LG Q6 Alpha","m700"
"LG Q6 Alpha M700","lgm-m700"
"LG Rebel","lgl44vl"
"LG Rebel","l44vl"
"LG Rebel 2","l57bl"
"LG Rebel 2","lgl58vl"
"LG Rebel 2","l58vl"
"LG Rebel 3","l158vl"
"LG Rebel 3","lgl158vl"
"LG Risio 2","m154"
"LG Risio 2","lg-m154"
"LG Spirit","h440n"
"LG Spree","lg-k120"
"LG Spree","k120"
"LG Stylo 2","lgl82vl"
"LG Stylo 2","ls775"
"LG Stylo 2","lgls775"
"LG Stylo 2","k540"
"LG Stylo 2","lg-k540"
"LG Stylo 2 LTE","l82vl"
"LG Stylo 2 Plus","ms550"
"LG Stylo 2 Plus","lgms550"
"LG Stylo 2 Plus","k550"
"LG Stylo 2 Plus K550","lg-k550"
"LG Stylo 2 V","vs835"
"LG Stylo 3","ls777"
"LG Stylo 3","lgl83bl"
"LG Stylo 3","lg-ls777"
"LG Stylo 3","l84vl"
"LG Stylo 3","m430"
"LG Stylo 3","lg-m430"
"LG Stylo 3","lgl84vl"
"LG Stylo 3","l83bl"
"LG Stylo 3 Plus","m470"
"LG Stylo 3 Plus","lgmp450"
"LG Stylo 3 plus","tp450"
"LG Stylo 3 PLUS","lg-tp450"
"Lg Stylo 4","lm-q710(fgn)"
"LG Stylus 2","lg-k520"
"LG Stylus 2","k520"
"LG Stylus 3","lg-m400"
"LG Sunrise","l15g"
"LG Treasure","lgl52vl"
"LG Treasure LTE","l52vl"
"LG Tribute","lgls676"
"LG Tribute 2","ls665"
"LG Tribute 5","ls675"
"LG Tribute 5","lgls675"
"LG Tribute Dynasty","sp200"
"LG Tribute Dynasty","lg-sp200"
"LG Tribute HD","ls676"
"LG US215","lgus215"
"LG V10","h901"
"LG V10","vs990"
"LG V10 H900","h900"
"LG V10 H960","h960"
"LG V20","lg-h910"
"LG V20","us996"
"LG V20","lg-h990"
"LG V20","vs995"
"LG V20","h918"
"LG V20","ls997"
"LG V20","h910"
"LG V20","lg-h918"
"LG V20","lg-ls997"
"LG V20","h990"
"LG V30","h930"
"LG V30","h931"
"LG V30","lg-h931"
"LG V30","lg-h930"
"LG V30","vs996"
"LG V30","h932"
"LG V30","ls998"
"LG V30 H932","lg-h932"
"LG V30 Plus","lg-ls998"
"LG V35 ThinQ","lm-v350"
"LG Volt","ls740"
"LG X","m322"
"LG X Cam","lg-k580"
"LG X Cam ","k580"
"LG X charge","lg-m322"
"LG X charge","sp320"
"LG X charge","lg-sp320"
"LG X charge","m327"
"LG X charge","lg-m327"
"LG X power","k450"
"LG X Power","k210"
"LG X Power","ls755"
"LG X Power","lgls755"
"LG X power","lg-k220"
"LG X power","k220"
"LG X Power 2","lg/m320"
"LG X Power 2","lg-m320"
"LG X Power 2","m320g"
"LG X Power K450","lg-k450"
"LG X Power2","m320"
"LG X screen","lg-k500"
"LG X screen K500N","k500n"
"LG X Style","l56vl"
"LG X Style","lg-k200"
"LG X Venture","h700"
"LG X venture","lg-h700"
"LG X210","lg/x210"
"LG X220 K5","lg-x220"
"LG Xpower","lg/k220"
"LG Zone 4","lm-x210vpp"
"LG Zone X180G","lg-x180g"
"LUMIA 650","rm-1152"
"Lyf Wind 7","ls-5016"
"Medion Life","b5032"
"MeeGOPad T08","t08"
"Meizu m2","m2"
"Meizu M2 Note","m2 note"
"Meizu M3 Note","m3 note"
"Meizu M3S","m3s"
"Meizu M5","m5"
"Meizu M5 Note","m5 note"
"Meizu M5C","m5c"
"Meizu M5s","m5s"
"Meizu M6 Note","m6 note"
"Microsoft Lumia 535","lumia 535"
"Microsoft Lumia 550","lumia 550"
"MICROSOFT LUMIA 640","rm-1075"
"Microsoft Lumia 640","640"
"ModelHawk","model"
"Moto E4","moto e (4)"
"Moto Z2 Play","moto z2"
"Motorola DROID Maxx 2","xt1565"
"Motorola Droid Mini","xt1030"
"Motorola Droid Turbo","xt1254"
"Motorola Droid Turbo 2","xt1585"
"Motorola Droid Ultra","xt1080"
"Motorola E4 Plus","moto e (4) plus"
"Motorola Moto C","moto c"
"Motorola Moto C","xt1754"
"Motorola Moto C Plus","moto c plus"
"Motorola Moto E","motoe2(4g-lte)"
"Motorola Moto E","xt1505"
"Motorola MOTO E","xt1528"
"Motorola Moto E","xt1021"
"Motorola Moto E","xt830c"
"Motorola Moto E","moto e2"
"Motorola Moto E","xt1526"
"Motorola Moto E3","xt1700"
"Motorola Moto E3 Power","xt1706"
"Motorola Moto E4","xt1766"
"Motorola Moto E4","moto e(4)"
"Motorola Moto E4 Plus","xt1776"
"Motorola Moto E5","moto e5"
"Motorola Moto E5 Cruise","moto e5 cruise"
"Motorola Moto E5 Play","moto e5 play"
"Motorola moto e5 SUPRA","moto e5 supra"
"Motorola Moto G","xt1031"
"Motorola Moto G","xt1039"
"Motorola Moto G","xt1028"
"Motorola Moto G","xt1064"
"Motorola Moto G","xt1078"
"Motorola Moto G","xt1040"
"Motorola Moto G","moto g (3rd gen)"
"Motorola Moto G","motog3"
"Motorola Moto G","xt1032"
"Motorola Moto G","xt1068"
"Motorola Moto G","xt1069"
"Motorola Moto G","xt1033"
"Motorola Moto G2","xt1072"
"Motorola Moto G3","motog3-te"
"Motorola Moto G4","xt1622"
"Motorola Moto G4 Play","moto g play"
"Motorola Moto G4 Play","xt1609"
"Motorola Moto G5","xt1676"
"Motorola Moto G5 Plus","xt1684"
"Motorola Moto G5 Plus ","moto g (5) plus"
"Motorola Moto G5S","moto g (5s)"
"Motorola Moto G5S","xt1793"
"Motorola Moto G5S Plus","moto g (5s) plus"
"Motorola Moto G5S Plus","xt1803"
"Motorola Moto G6","moto g6"
"Motorola Moto G6","moto g(6)"
"Motorola Moto G6 Play","moto g6 play"
"Motorola Moto G6 Play","moto g(6) play"
"Motorola Moto g6 Plus","moto g(6) plus"
"Motorola Moto g6 Plus","moto g6 plus"
"Motorola Moto M","xt1663"
"Motorola Moto X","xt1097"
"Motorola Moto X","xt1052"
"Motorola Moto X","xt1058"
"Motorola Moto X Force","xt1580"
"Motorola Moto X Play","moto x play"
"Motorola Moto X Play","xt1562"
"Motorola Moto X Pure Edition","xt1575"
"Motorola Moto X Style","xt1572"
"Motorola Moto X4","moto x4"
"Motorola Moto Z","xt1710-02"
"Motorola Moto Z Play","xt1635-02"
"Motorola Moto Z Play Droid","xt1635-01"
"Motorola Moto Z2 Force","xt1789-05"
"Motorola Moto Z2 Play","moto z (2)"
"Motorola Moto Z2 Play","xt1710-01"
"Motorola Moto Z2 Play","moto z2 play"
"Motorola V500","v500"
"Motorola X Play ","xt1564"
"nokia 2","nokia 2"
"Nokia 3","ta-1032"
"Nokia 3","ta-1020"
"Nokia 5","ta-1053"
"Nokia 5","ta-1024"
"Nokia 5530 XpressMusic","5530"
"Nokia 6","ta-1021"
"NOKIA 6","ta-1033"
"Nokia 6.1","nokia 6.1"
"Nokia 7","ta-1046"
"Nokia 7 Plus","nokia 7 plus"
"Nokia 8","ta-1012"
"Nokia 8 ta-1004","ta-1004"
"Nokia Lumia 630","lumia 630"
"Nokia Lumia 635","rm-974"
"Nokia Lumia 830","lumia 830"
"note 5a","note 5a"
"Null","null"
"Null","generic"
"Null","generic android mobile"
"Null","unknown"
"null","chrome - os x"
"null","mp450"
"null","android 8.0"
"null","air"
"null","fire tv stick (2nd gen)"
"null","android 4.4 tablet"
"null","6.1"
"null","kfot"
"null","aftn"
"null","android 4.4"
"null","k9"
"null","non-mobile"
"null","aftm"
"null","r1s"
"null","chromebook r11"
"null","android 4.0"
"null","k92"
"null","chrome - windows"
"null","4g"
"null","android 7.0"
"null","android 6.0"
"null","4g dual"
"null","android 8.1"
"null","aftt"
"null","android 5.1"
"null","android 7.1"
"null","10"
"null","2"
"null","m400"
"Null","phone"
"null","android 2.0"
"null","d-01j"
"null","sh-03j"
"null","a006"
"Nvidia Shield","shield tablet k1"
"NZXT H500","h500"
"OnePlus 2","a2003"
"OnePlus 2","one a2003"
"OnePlus 3","3 a3000"
"OnePlus 3","oneplus a3000"
"Oneplus 3","3 a3003"
"Oneplus 3","oneplus a3003"
"OnePlus 3T","a3003"
"OnePlus 5","5 a5000"
"OnePlus 5","oneplus a5000"
"OnePlus 5T","5t a5010"
"OnePlus 5T","a5010"
"OnePlus 5T","oneplus a5010"
"OnePlus 6","a6003"
"OnePlus 6","oneplus a6003"
"OnePlus 6 ","6 a6003"
"OnePlus One","a0001"
"OnePlus One","one"
"OnePlus X E1003","e1003"
"Oppo 1201","1201"
"OPPO A33F","a33f"
"OPPO A37f","a37f"
"Oppo A37FW","a37fw"
"Oppo A39","cph1605"
"Oppo A57","a57"
"Oppo A57","oppo a57"
"Oppo A57","cph1701"
"Oppo A71","cph1717"
"Oppo A71","cph1801"
"Oppo A83","cph1729"
"Oppo F1","f1f"
"OPPO F1 PLUS","x9009"
"Oppo F1s","a1601"
"Oppo F3","cph1609"
"Oppo F3 Plus","cph1613"
"Oppo F5","cph1723"
"OPPO F7","cph1819"
"Oppo Gold F5 Youth ","cph1725"
"Oppo Neo 7","a33w"
"Oppo R9s","cph1607"
"Orange Dive 71","dive 71"
"Orange Rise 51","rise 51"
"Oukitel k6000 pro","k6000 pro"
"Panasonic T11","t11"
"Panasonic T50","t50"
"RCA 10 Viking Pro","rct6303w87dk"
"RCA 7 Voyager II","rct6773w22b"
"RCA Galileo","rct6513w87"
"RCA Viking Pro","rct6303w87m7"
"RCA VIKING PRO III","rct6k03w13"
"RCA Voyager 7","rct6873w42m"
"RCA Voyager 7","rct6873w42"
"RCA Voyager III","rct6973w43"
"Samsung Galaxy 5","sm-g313hz"
"Samsung Galaxy A3","sm-a320fl"
"Samsung Galaxy A3","sm-a310f"
"Samsung Galaxy A3","sm-a300fu"
"Samsung Galaxy A3","sm-a320f"
"Samsung Galaxy A3","sm-a300fu/a300fuxxu1cph3"
"Samsung Galaxy A3","sm-a300m"
"Samsung Galaxy A3","sm-a300h"
"Samsung Galaxy A3","sm-a300f"
"Samsung Galaxy A5","sm-a520f"
"Samsung Galaxy A5","sm-a510f"
"Samsung Galaxy A5","sm-a500fu"
"Samsung Galaxy A5","sm-a520w"
"Samsung Galaxy A5","sm-a500f"
"Samsung Galaxy A5","sm-a500g"
"Samsung Galaxy A5","sm-a500w"
"Samsung Galaxy A5","sm-a500h"
"Samsung Galaxy A5","sm-a500m"
"Samsung Galaxy A5","sm-a510m"
"Samsung Galaxy A6","sm-a600fn"
"Samsung Galaxy A6","sm-a600g"
"Samsung Galaxy A6+","sm-a605fn"
"Samsung Galaxy A6+","sm-a605f"
"Samsung Galaxy A6plus","sm-a605fn/ds"
"Samsung Galaxy A7","sm-a720f"
"Samsung Galaxy A7","sm-a710f"
"Samsung Galaxy A7","sm-a700fd"
"Samsung Galaxy A7","a7"
"Samsung Galaxy A7","sm-a700h"
"Samsung Galaxy A7","sm-a710m"
"Samsung Galaxy A7","sm-a700f"
"Samsung Galaxy A8","sm-a530f"
"Samsung Galaxy A8","sm-a810f"
"Samsung Galaxy A8","sm-a800i"
"Samsung Galaxy A8","sm-a800f"
"Samsung Galaxy A8","sm-a530w"
"Samsung Galaxy A8+","sm-a730f"
"Samsung Galaxy A9","sm-a9000"
"Samsung Galaxy A9","a9"
"Samsung Galaxy A9 Pro","sm-a910f"
"Samsung Galaxy Ace 3","gt-s7275r"
"Samsung Galaxy Ace 4","sm-g357fz"
"Samsung GALAXY Alpha","sm-g850f"
"Samsung Galaxy Alpha ","sm-g850fq"
"Samsung Galaxy Amp 2","samsung-sm-j120az"
"Samsung Galaxy Amp 2","sm-j120az"
"Samsung Galaxy Amp Prime","sm-j320az"
"Samsung Galaxy Amp Prime","samsung-sm-j320az"
"Samsung Galaxy Amp Prime 2","sm-j327az"
"Samsung Galaxy Amp Prime 2","samsung-sm-j327az"
"Samsung Galaxy Avant","sm-g386t1"
"Samsung Galaxy Avant","sm-g386t"
"Samsung Galaxy C5","c5"
"Samsung Galaxy C5","sm-c5000"
"Samsung Galaxy C7","sm-c7010"
"Samsung Galaxy C7","sm-c7000"
"Samsung Galaxy C8","c-8"
"Samsung Galaxy C8","sm-c7100"
"Samsung Galaxy C9 Pro","sm-c900f"
"Samsung Galaxy C9 Pro","c9"
"Samsung Galaxy C9 Pro","sm-c9000"
"Samsung Galaxy Core","sm-g386f"
"Samsung Galaxy Core","gt-i8262"
"Samsung Galaxy Core","gt-i8260"
"Samsung Galaxy Core","sm-g386w"
"Samsung Galaxy Core 2","sm-g355m"
"Samsung Galaxy Core 2","sm-g355h"
"Samsung Galaxy Core 2","sm-g355hn"
"Samsung Galaxy Core Plus","sm-g350"
"Samsung Galaxy Core Prime","sm-g361f"
"Samsung Galaxy Core Prime","sm-g360p"
"Samsung Galaxy Core Prime","sm-g360t"
"Samsung Galaxy CORE Prime","sm-g360m"
"Samsung Galaxy Core Prime","sm-g360f"
"Samsung Galaxy Core Prime","sm-g360h"
"Samsung Galaxy Core Prime","sm-g361h"
"Samsung Galaxy CORE Prime","sm-g360t1"
"Samsung Galaxy Core Prime","sm-g360v"
"Samsung Galaxy Core Prime","sm-s820l"
"Samsung Galaxy E5","sm-e500f"
"Samsung Galaxy E5","sm-e500m"
"Samsung Galaxy E5","sm-e500h"
"Samsung Galaxy E7","sm-e700h"
"Samsung Galaxy E7","sm-e700f"
"Samsung Galaxy Express 2","sm-g3815"
"Samsung Galaxy Express 3","samsung-sm-j120a"
"Samsung Galaxy Express 3","sm-j120a"
"Samsung Galaxy Express Prime","sm-j320a"
"Samsung Galaxy Express Prime","samsung-sm-j320a"
"Samsung Galaxy Feel","sc-04j"
"Samsung Galaxy Gran Neo","gt-i9063t"
"Samsung Galaxy Gran Prime","sm-g530bt"
"Samsung Galaxy Grand","gt-i9060"
"Samsung Galaxy Grand","gt-i9082"
"samsung galaxy grand 2","sm-g710"
"Samsung Galaxy Grand 2","sm-g7102"
"Samsung Galaxy Grand 2","sm-g7105"
"Samsung Galaxy Grand Max","sm-g720ax"
"Samsung Galaxy Grand Neo","gt-i9060i"
"Samsung Galaxy Grand Neo","gt-i9060c"
"Samsung Galaxy Grand Neo","gt-i9060m"
"Samsung Galaxy Grand Prime","sm-g531h"
"Samsung Galaxy Grand Prime","sm-g530fz"
"Samsung Galaxy Grand Prime","sm-g531m"
"Samsung Galaxy Grand Prime","sm-g530a"
"Samsung Galaxy Grand Prime","sm-g530p"
"Samsung Galaxy Grand Prime","sm-g530r4"
"Samsung Galaxy Grand Prime","sm-g530h"
"Samsung Galaxy Grand Prime","sm-g530f"
"Samsung Galaxy Grand Prime","sm-s920l"
"Samsung Galaxy Grand Prime","sm-g530t"
"Samsung Galaxy Grand Prime","sm-g530az"
"Samsung Galaxy GRAND Prime","sm-g530w"
"Samsung Galaxy Grand Prime ","sm-g530t1"
"Samsung Galaxy Grand Prime ","samsung-sm-g530az"
"Samsung Galaxy Grand Prime Duos TV","sm-g531bt"
"Samsung Galaxy Grand Prime Plus","sm-g532f"
"Samsung Galaxy Grand Prime Plus","sm-g531f"
"Samsung Galaxy J1","sm-j120w"
"Samsung Galaxy J1","sm-j100f"
"Samsung Galaxy J1","sm-j100fn"
"Samsung Galaxy J1","sm-j120m"
"Samsung Galaxy J1","sm-j120h"
"Samsung Galaxy J1","sm-j100h"
"Samsung Galaxy J1","sm-j120fn"
"Samsung Galaxy J1","sm-j120f"
"Samsung Galaxy J1","sm-j100vpp"
"Samsung Galaxy J1 4G","sm-j120g"
"Samsung Galaxy J1 Ace","sm-j110f"
"Samsung Galaxy J1 Ace","sm-j110m"
"Samsung Galaxy J1 Ace","sm-j110h"
"Samsung Galaxy J1 Ace","sm-j111m"
"Samsung Galaxy J1 Ace Neo","sm-j111f"
"Samsung Galaxy J1 Mini","sm-j105f"
"Samsung Galaxy J1 mini","sm-j105m"
"Samsung Galaxy J1 mini","sm-j105b"
"Samsung Galaxy J1 Mini","sm-j105h"
"Samsung Galaxy J1 Mini Prime","sm-j106b"
"Samsung Galaxy J1 Mini Prime","sm-j106h"
"Samsung Galaxy J1 Mini Prime","sm-j106f"
"Samsung Galaxy J2","sm-j200f"
"Samsung Galaxy J2","sm-j200g"
"Samsung Galaxy J2","sm-j200h"
"Samsung Galaxy J2","sm-j210f"
"Samsung Galaxy J2","sm-j200m"
"Samsung Galaxy J2","sm-j200bt"
"Samsung Galaxy J2 Prime","sm-g532mt"
"Samsung Galaxy J2 Prime","sm-g532m"
"Samsung Galaxy J2 Prime","sm-g532g"
"Samsung Galaxy J2 Pro","sm-j250f"
"Samsung Galaxy J2 Pro","sm-j250m"
"Samsung Galaxy J3","sm-j327p"
"Samsung Galaxy J3","sm-j320f"
"Samsung Galaxy J3","sm-j330f"
"Samsung Galaxy J3","sm-j320h"
"Samsung Galaxy J3","sm-j320r4"
"Samsung Galaxy J3","sm-j337a"
"Samsung Galaxy J3","sm-j326az"
"Samsung Galaxy J3","sm-j327a"
"Samsung Galaxy J3","sm-j320m"
"Samsung Galaxy J3","sm-j320p"
"Samsung Galaxy J3","sm-j327vpp"
"Samsung Galaxy J3","samsung-sm-j327a"
"Samsung Galaxy J3","sm-s337tl"
"Samsung Galaxy J3","sm-j320w8"
"Samsung Galaxy J3","sm-j327r4"
"Samsung Galaxy J3 ","sm-j327u"
"Samsung Galaxy J3 ","sm-j320g"
"Samsung Galaxy J3 Eclipse","sm-j327v"
"Samsung Galaxy J3 Eclipse 2","sm-j337v"
"Samsung Galaxy J3 Luna Pro","sm-s327vl"
"Samsung Galaxy J3 Prime","sm-j327t1"
"Samsung Galaxy J3 Prime","sm-j327w"
"Samsung Galaxy J3 Prime","sm-j327t"
"Samsung Galaxy J3 Pro","sm-j330g"
"Samsung Galaxy J3 Pro","sm-j3110"
"Samsung Galaxy J3 Sky","sm-s320vl"
"Samsung Galaxy J3 Star","sm-j337t"
"Samsung Galaxy J3 V","sm-j320v"
"Samsung Galaxy J4","sm-j400f"
"Samsung Galaxy J5","sm-j510fn"
"Samsung Galaxy J5","sm-j530f"
"Samsung Galaxy J5","sm-j500fn"
"Samsung Galaxy J5","sm-j500f"
"Samsung Galaxy J5","sm-j500m"
"Samsung Galaxy J5","sm-g570y"
"Samsung Galaxy J5","sm-j510gn"
"Samsung Galaxy J5","sm-j5108"
"Samsung Galaxy J5","sm-j500h"
"Samsung Galaxy J5","sm-j510f"
"Samsung Galaxy J5","sm-j510fq"
"Samsung Galaxy J5","sm-j510mn"
"Samsung Galaxy J5","sm-j510h"
"Samsung Galaxy J5","sm-j500g"
"Samsung Galaxy J5","sm-j530fm"
"Samsung Galaxy J5 Prime","sm-g570f"
"Samsung Galaxy J5 Prime","sm-g570m"
"Samsung Galaxy J5 Prime","sm-g5700"
"Samsung Galaxy J5 Pro","sm-j530g"
"Samsung Galaxy J5 Pro","sm-j530y"
"Samsung Galaxy J6","sm-j600fn"
"Samsung Galaxy J6","sm-j600f"
"Samsung Galaxy J6","sm-j600g"
"Samsung Galaxy J7","sm-j730f"
"Samsung Galaxy J7","sm-j700f"
"Samsung Galaxy J7","j701f"
"Samsung Galaxy J7","sm-s727vl"
"Samsung Galaxy J7","sm-j710fq"
"Samsung Galaxy J7","sm-j700h"
"Samsung Galaxy J7","sm-j700m"
"Samsung Galaxy J7","sm-j727v"
"Samsung Galaxy J7","sm-s727p"
"Samsung Galaxy J7","sm-j720f"
"Samsung Galaxy J7","sm-s727t"
"Samsung Galaxy J7","sm-j700t1"
"Samsung Galaxy J7","sm-j700p"
"Samsung Galaxy J7","sm-j727a"
"Samsung Galaxy J7","sm-j710gn"
"Samsung Galaxy J7","samsung-sm-j727a"
"Samsung Galaxy J7","sm-j727r4"
"Samsung Galaxy J7","sm-j727u"
"Samsung Galaxy J7 ","sm-j710mn"
"Samsung Galaxy J7 ","sm-j700t"
"Samsung Galaxy J7 ","sm-j730fm"
"SAMSUNG Galaxy J7 Halo","sm-j727az"
"SAMSUNG Galaxy J7 Halo","samsung-sm-j727az"
"Samsung Galaxy J7 Ma","sm-g615f"
"Samsung Galaxy J7 Neo","j701m"
"Samsung Galaxy J7 Neo","sm-j701mt"
"Samsung Galaxy J7 Neo","sm-j701m"
"Samsung Galaxy J7 Nxt","sm-j701f"
"Samsung Galaxy J7 plus","sm-c710f"
"Samsung Galaxy J7 Prime","sm-g610f"
"Samsung Galaxy J7 Prime","sm-j710f"
"Samsung Galaxy J7 Prime","sm-g610m"
"Samsung Galaxy J7 Prime","sm-j727t1"
"Samsung Galaxy J7 Prime","sm-j610f"
"Samsung Galaxy J7 Prime","sm-j727t"
"Samsung Galaxy J7 Prime","sm-s727t1"
"Samsung Galaxy J7 Prime","sm-g610y"
"Samsung Galaxy J7 Prime","sm-g6100"
"Samsung Galaxy J7 Prime 2","sm-g611mt"
"Samsung Galaxy J7 Prime 2","sm-g611f"
"Samsung Galaxy J7 Pro","sm-j730gm"
"Samsung Galaxy J7 Pro","sm-j730g"
"Samsung Galaxy J7 Refine","sm-j737p"
"Samsung Galaxy J7 Sky Pro","sm-s737tl"
"Samsung Galaxy J7 V","sm-j727p"
"Samsung Galaxy J7 V","sm-j737v"
"Samsung Galaxy J7 V","sm-j727vpp"
"Samsung Galaxy Luna","sm-s120vl"
"Samsung Galaxy Mega","gt-i9152"
"Samsung Galaxy Mega","gt-i9200"
"Samsung Galaxy Note","sm-p605"
"Samsung Galaxy Note","gt-n8013"
"Samsung Galaxy Note","sm-n915v"
"Samsung Galaxy Note","gt-n8000"
"Samsung Galaxy Note 10.1","gt-n8020"
"Samsung Galaxy Note 10.1","sm-p600"
"Samsung Galaxy Note 10.1","gt-n8010"
"Samsung Galaxy Note 2","gt-n7105"
"Samsung Galaxy Note 2","sch-i605"
"Samsung Galaxy Note 3","sm-n9005"
"Samsung Galaxy Note 3","sm-n9000q"
"Samsung Galaxy Note 3","sm-n900w8"
"Samsung Galaxy Note 3","sm-n900t"
"Samsung Galaxy Note 3","sm-n900v"
"Samsung Galaxy Note 3","sm-n900"
"Samsung GALAXY Note 3","sm-n900a"
"Samsung GALAXY Note 3","sm-n900p"
"Samsung GALAXY Note 3","samsung-sm-n900a"
"Samsung Galaxy Note 3 Neo","sm-n750"
"Samsung Galaxy Note 3 Neo","sm-n7505"
"Samsung GALAXY Note 3 Neo","sm-n7500q"
"Samsung Galaxy Note 4","sm-n910c"
"Samsung Galaxy Note 4","sm-n910f"
"Samsung Galaxy Note 4","sm-n910g"
"Samsung Galaxy Note 4","sm-n910w8"
"Samsung Galaxy Note 4","sm-n910t3"
"Samsung Galaxy Note 4","sm-n910v"
"Samsung Galaxy Note 4","sm-n910a"
"Samsung Galaxy Note 4","sm-n910t"
"Samsung Galaxy Note 4","sm-n910h"
"Samsung Galaxy Note 4","sm-n910p"
"Samsung Galaxy Note 4","samsung-sm-n910a"
"Samsung Galaxy Note 5","sm-n920f"
"Samsung Galaxy Note 5","sm-n9200"
"Samsung Galaxy Note 5","sm-n920g"
"Samsung Galaxy Note 5","sm-n920k"
"Samsung Galaxy Note 5","sm-n920p"
"Samsung Galaxy Note 5","sm-n920a"
"Samsung Galaxy Note 5","samsung-sm-n920a"
"Samsung Galaxy Note 5","sm-n920w8"
"Samsung Galaxy Note 5 ","sm-n920c"
"Samsung Galaxy Note 5 ","sm-n920v"
"Samsung Galaxy Note 5 ","sm-n920i"
"Samsung Galaxy Note 5 ","sm-n920r4"
"Samsung Galaxy Note 5 Duos","sm-n9208"
"Samsung Galaxy Note 5 SM","sm-n920t"
"Samsung Galaxy Note 8","sm-n950u"
"Samsung Galaxy Note 8","sm-n950f"
"Samsung Galaxy Note 8","gt-n5100"
"Samsung Galaxy Note 8","sm-n950u1"
"Samsung Galaxy Note 8","sm-n950w"
"Samsung Galaxy Note 8","sm-n9500"
"Samsung Galaxy Note 8 ","gt-n5110"
"Samsung Galaxy Note Edge","sm-n915a"
"Samsung Galaxy Note Edge","sm-n915f"
"Samsung Galaxy Note Edge","sm-n915fy"
"Samsung Galaxy Note FE","sm-n935f"
"Samsung Galaxy Note II ","gt-n7100"
"Samsung Galaxy Note Pro","sm-p905"
"Samsung Galaxy NotePRO","sm-p900"
"Samsung Galaxy On 7","sm-g600f"
"Samsung Galaxy On5","sm-g550fy"
"Samsung Galaxy On5","sm-g5520"
"Samsung Galaxy On5","sm-g5510"
"Samsung Galaxy On5","sm-g550t"
"Samsung Galaxy On5","sm-s550tl"
"Samsung Galaxy On5 ","sm-g550t1"
"Samsung Galaxy On7","sm-g600fy"
"Samsung Galaxy S","gt-s7582"
"Samsung Galaxy S","gt-s7582l"
"Samsung Galaxy S II","gt-i9100"
"Samsung Galaxy S III Mini","gt-i8190"
"Samsung Galaxy S2","s2"
"Samsung Galaxy S2 Plus","gt-i9105"
"Samsung Galaxy S2 Plus","gt-i9105p"
"Samsung Galaxy S3","gt-i9301i"
"Samsung Galaxy S3","gt-i9300"
"Samsung Galaxy S3","sch-i535"
"Samsung Galaxy S3","sgh-i747m"
"Samsung Galaxy S3","sph-l710"
"Samsung Galaxy S3","sch-s968c"
"Samsung Galaxy S3","sph-l710t"
"Samsung Galaxy S3","gt-i9305"
"Samsung Galaxy S3 mini","gt-i8200n"
"Samsung Galaxy S3 Mini","gt-i8200q"
"Samsung Galaxy S3 Neo","gt-i9301q"
"Samsung Galaxy S3 Neo","gt-i9300i"
"Samsung Galaxy S4","gt-i9505"
"Samsung Galaxy S4","gt-i9500"
"Samsung Galaxy S4","sgh-m919"
"Samsung Galaxy S4","sph-l720t"
"Samsung Galaxy S4","samsung-sgh-i337"
"Samsung Galaxy S4","sm-s975l"
"Samsung GALAXY S4","sch-r970"
"Samsung Galaxy S4","sch-i545"
"Samsung Galaxy S4","gt-i9506"
"Samsung Galaxy S4","sgh-i337m"
"Samsung Galaxy S4","sgh-i337"
"Samsung Galaxy S4 Active","gt-i9295"
"Samsung Galaxy S4 Active","sgh-i537"
"Samsung Galaxy S4 Mini","gt-i9195"
"Samsung Galaxy S4 mini","gt-i9190"
"Samsung Galaxy S4 Mini","gt-i9195i"
"Samsung Galaxy S4 Mini Duos","gt-i9192"
"Samsung Galaxy S4 Sprint","sph-l720"
"Samsung Galaxy S4 Value Edition","gt-i9515"
"Samsung Galaxy S5","sm-g900f"
"Samsung Galaxy S5","sm-g900v"
"Samsung Galaxy S5","sm-g901f"
"Samsung Galaxy S5","sm-g900a"
"Samsung Galaxy S5","sc-04f"
"Samsung Galaxy S5","sm-g900t3"
"Samsung Galaxy S5","sm-g900fq"
"Samsung Galaxy S5","sm-g900t"
"Samsung Galaxy S5","sm-g900p"
"Samsung Galaxy S5","sm-g900fd"
"Samsung Galaxy S5","sm-g900w8"
"Samsung Galaxy S5","sm-g900h"
"Samsung Galaxy S5","samsung-sm-g900a"
"Samsung Galaxy S5","sm-g900i"
"Samsung Galaxy S5","sm-g900r4"
"Samsung Galaxy S5","sm-s903vl"
"Samsung Galaxy S5","sm-g900m"
"Samsung Galaxy S5 ","sm-s902l"
"Samsung Galaxy S5 Active","sm-g870a"
"Samsung Galaxy S5 Active","samsung-sm-g870a"
"Samsung Galaxy S5 Mini","sm-g800f"
"Samsung Galaxy S5 mini","sm-g800h"
"Samsung Galaxy S5 Neo","sm-g903f"
"Samsung Galaxy S5 Neo","sm-g903w"
"Samsung Galaxy S5 Sport","sm-g860p"
"Samsung Galaxy S6","sm-g920f"
"Samsung Galaxy S6","sm-g920v"
"Samsung Galaxy S6","sm-g920p"
"Samsung Galaxy S6","sm-g920t"
"Samsung Galaxy S6","sm-g920"
"Samsung Galaxy S6","sm-s906l"
"Samsung Galaxy S6","sc-05g"
"Samsung Galaxy S6","sm-g920az"
"Samsung Galaxy S6","sm-g925"
"Samsung Galaxy S6","sm-g920a"
"Samsung Galaxy S6","sm-g920w8"
"Samsung Galaxy S6","sm-g920i"
"Samsung Galaxy S6","samsung-sm-g920a"
"Samsung Galaxy S6","sm-g920r4"
"Samsung Galaxy S6","sm-s907vl"
"Samsung Galaxy S6","sm-g920t1"
"Samsung Galaxy S6 ","sm-g925f"
"Samsung Galaxy S6 Active","sm-g890a"
"Samsung Galaxy S6 Active","samsung-sm-g890a"
"Samsung Galaxy S6 Edge","samsung-sm-g925a"
"Samsung Galaxy S6 edge","sm-g925t"
"Samsung Galaxy S6 Edge","sm-g925i"
"Samsung Galaxy S6 Edge","sm-g925v"
"Samsung Galaxy S6 Edge","sm-g925a"
"Samsung Galaxy S6 Edge","sm-g925p"
"Samsung Galaxy S6 Edge","sm-g925w8"
"Samsung Galaxy S6 Edge Plus","sm-g928f"
"Samsung Galaxy S6 Edge+","sm-g928t"
"Samsung Galaxy S6 Edge+","sm-g928v"
"Samsung Galaxy S6 Edge+","sm-g928c"
"Samsung Galaxy S6 Edge+","sm-g928a"
"Samsung Galaxy S6 Edgeplus","sm-g928p"
"Samsung Galaxy S6 Edgeplus","samsung-sm-g928a"
"Samsung Galaxy S6 edgeplus","sm-g928g"
"Samsung Galaxy S6 Edgeplus","sm-g928i"
"Samsung Galaxy S7","sm-g930f"
"Samsung Galaxy S7","sm-g935f"
"Samsung Galaxy S7","sm-g930v"
"Samsung Galaxy S7","sm-g930p"
"Samsung Galaxy S7","sm-g930t"
"Samsung Galaxy S7","sm-g930a"
"Samsung Galaxy S7","sm-g930w8"
"Samsung Galaxy S7","sm-g930r7"
"Samsung Galaxy S7","sm-g930r6"
"Samsung Galaxy S7","sm-g930k"
"Samsung Galaxy S7","s7"
"Samsung Galaxy S7","sm-g930az"
"Samsung Galaxy S7","samsung-sm-g930a"
"Samsung Galaxy S7","sm-g930r4"
"Samsung Galaxy S7","sm-g930vl"
"Samsung Galaxy S7","sm-g930u"
"Samsung Galaxy S7 ","sm-g930t1"
"Samsung Galaxy S7 Active","sm-g891a"
"Samsung Galaxy S7 Active","samsung-sm-g891a"
"Samsung Galaxy S7 Edge","sm-g935v"
"Samsung Galaxy S7 Edge","sm-g935t"
"Samsung Galaxy S7 Edge","sm-g935p"
"Samsung Galaxy S7 Edge","sm-g935a"
"Samsung Galaxy S7 Edge","scv33"
"Samsung Galaxy S7 Edge","sm-g9350"
"Samsung Galaxy S7 Edge","samsung-sm-g935a"
"Samsung Galaxy S7 Edge","sm-g935w8"
"Samsung Galaxy S7 Edge","sm-g935u"
"Samsung Galaxy S7 Edge","sm-g935r4"
"Samsung Galaxy S7 Edge","sc-02h"
"Samsung Galaxy S8","sm-g950f"
"Samsung Galaxy S8","sm-g950u"
"Samsung Galaxy S8","sm-g950w"
"Samsung Galaxy S8","sc-02j"
"Samsung Galaxy S8","scv36"
"Samsung Galaxy S8","sm-g950u1"
"Samsung Galaxy S8","s8"
"Samsung Galaxy S8 Active","sm-g892a"
"Samsung Galaxy S8 Active","sm-g892u"
"Samsung Galaxy S8 Plus","sm-g955f"
"Samsung Galaxy S8 Plus","sm-g955u"
"Samsung Galaxy S8 Plus","sm-g955w"
"Samsung Galaxy S8+","sm-g955u1"
"Samsung Galaxy S8plus","sm-g955n"
"Samsung Galaxy S8plus","sm-g9550"
"Samsung Galaxy S9","sm-g960f"
"Samsung Galaxy S9","sm-g960u"
"Samsung Galaxy S9","sm-g9600"
"Samsung Galaxy S9","sm-g960w"
"Samsung Galaxy S9","sm-g960u1"
"Samsung Galaxy S9 Plus","sm-g9650"
"Samsung Galaxy S9 Plus","sm-g965w"
"Samsung Galaxy S9+","sm-g965u1"
"Samsung Galaxy S9plus","sm-g965f"
"Samsung Galaxy S9plus","sm-g965u"
"Samsung Galaxy SIII Mini","gt-i8200"
"Samsung Galaxy SIII mini ","gt-i8190n"
"Samsung Galaxy Star 2 Plus","sm-g350e"
"Samsung Galaxy Star Pro","gt-s7262"
"Samsung Galaxy Tab","samsung-sm-t377a"
"Samsung Galaxy Tab 2","gt-p5110"
"Samsung Galaxy Tab 2","gt-p5100"
"Samsung Galaxy Tab 2","gt-p3110"
"Samsung Galaxy Tab 2 7.0","gt-p3100"
"Samsung Galaxy Tab 3","sm-t113nu"
"Samsung Galaxy Tab 3","gt-p5200"
"Samsung Galaxy Tab 3","sm-t210r"
"Samsung Galaxy Tab 3","sm-t211"
"Samsung Galaxy Tab 3","gt-p5220"
"Samsung Galaxy Tab 3","sm-t311"
"Samsung galaxy tab 3","sm-t315"
"SAMSUNG Galaxy Tab 3","sm-t310"
"Samsung Galaxy TAB 3","sm-t210"
"Samsung Galaxy Tab 3","sm-t217s"
"Samsung Galaxy Tab 3 Lite","sm-t113"
"Samsung Galaxy Tab 3 Lite","sm-t111"
"Samsung Galaxy Tab 3 Lite","sm-t110"
"Samsung Galaxy Tab 3 Lite","sm-t116"
"Samsung Galaxy Tab 3 V","sm-t116nu"
"Samsung Galaxy Tab 4","sm-t231"
"Samsung Galaxy Tab 4","sm-t237p"
"Samsung Galaxy Tab 4","sm-t330nu"
"Samsung Galaxy Tab 4","sm-t335"
"SAMSUNG Galaxy Tab 4","sm-t330"
"Samsung Galaxy Tab 4","sm-t235"
"Samsung Galaxy Tab 4","sm-t531"
"Samsung Galaxy Tab 4","sm-t337t"
"Samsung Galaxy Tab 4","sm-t535"
"Samsung Galaxy Tab 4","sm-t533"
"Samsung Galaxy Tab 4","sm-t530nu"
"Samsung Galaxy Tab 4","sm-t337a"
"Samsung Galaxy Tab 4 ","sm-t530"
"Samsung Galaxy Tab 4 ","samsung-sm-t337a"
"Samsung Galaxy Tab 4 7.0","sm-t230"
"Samsung Galaxy Tab 4 NOOK","sm-t230nu"
"Samsung Galaxy Tab A","sm-t580"
"Samsung Galaxy Tab A","sm-t585"
"Samsung Galaxy Tab A","sm-t350"
"Samsung Galaxy Tab A","sm-t380"
"Samsung Galaxy Tab A","sm-p580"
"SAMSUNG Galaxy Tab A","sm-p5550"
"Samsung Galaxy Tab A","sm-t355y"
"Samsung Galaxy Tab A","sm-t285"
"Samsung Galaxy Tab A","sm-p550"
"Samsung Galaxy Tab A","sm-t357t"
"Samsung Galaxy Tab A ","sm-t280"
"Samsung Galaxy Tab Active","sm-t365"
"Samsung Galaxy Tab E","sm-t560"
"Samsung Galaxy Tab E","sm-t116bu"
"Samsung Galaxy Tab E","sm-t567v"
"Samsung Galaxy Tab E","sm-t561"
"Samsung Galaxy Tab E","sm-t377v"
"Samsung Galaxy Tab E","sm-t377a"
"Samsung Galaxy Tab E","sm-t378v"
"Samsung Galaxy Tab E","sm-t377t"
"Samsung Galaxy Tab E 8.0","sm-t377p"
"Samsung Galaxy Tab E LTE","sm-t377w"
"Samsung Galaxy Tab Pro 12.2","sm-t900"
"Samsung Galaxy Tab S","sm-t800"
"Samsung Galaxy Tab S","sm-t705"
"Samsung Galaxy Tab S","sm-t805"
"Samsung Galaxy Tab S","sm-t700"
"Samsung Galaxy Tab S2","sm-t813"
"Samsung Galaxy Tab S2","sm-t817v"
"Samsung Galaxy Tab S2","sm-t810"
"Samsung Galaxy Tab S2","sm-t713"
"Samsung Galaxy Tab S2","sm-t819"
"Samsung Galaxy Tab S2","sm-t710"
"Samsung Galaxy Tab S2","sm-t815"
"Samsung Galaxy Tab S2","sm-t719"
"Samsung Galaxy Tab S2","sm-t715"
"Samsung Galaxy Tab S3","sm-t820"
"Samsung Galaxy Tab S3","sm-t825"
"Samsung Galaxy TabPRO","sm-t520"
"Samsung Galaxy TabPRO 8.4","sm-t320"
"Samsung Galaxy Trend 2 Lite","sm-g318h"
"Samsung Galaxy Trend Plus","gt-s7580"
"Samsung Galaxy View","sm-t670"
"Samsung Galaxy Wide 2","sm-j727s"
"Samsung Galaxy Win 2","sm-g360bt"
"Samsung Galaxy Win Duos","gt-i8552"
"Samsung Galaxy Win Duos ","gt-i8552b"
"Samsung Galaxy Xcover 3","sm-g388f"
"Samsung Galaxy Xcover 3","sm-g389f"
"Samsung Galaxy Xcover 4","sm-g390f"
"Samsung Galxy C5 Pro Dual ","sm-c5010"
"Samsung I9506 Galaxy S4","i9506"
"Samsung Samsung Galaxy J3","sm-j320fn"
"Samsung SM T555","sm-t555"
"Samusng Galaxy J3 Pop","sm-j327r7"
"Sharp 507SH","507sh"
"Sharp Aquos Ever SH-04G","sh-04g"
"Sharp AQUOS ZETA","sh-01g"
"Sharp Aquos Zeta SH-04H","sh-04h"
"Sharp X1","x1"
"Smartphone Logicom L-ement 403","l-ement 403"
"Sony Ericsson K200","k200"
"Sony Experia X","f5121"
"Sony Experia X Compact ","f5321"
"Sony Experia XA1 Ultra","g3221"
"Sony Experia Z3","d6603"
"SONY SoftBank Xperia Z5","501so"
"Sony Xperia C3","d2502"
"Sony Xperia C3","d2533"
"Sony Xperia C4","e5303"
"Sony XPERIA C5","e5533"
"Sony XPERIA C5 Ultra","e5553"
"Sony Xperia E1","d2005"
"Sony XPERIA E3","d2203"
"Sony Xperia E4","e2105"
"Sony Xperia E4g","e2003"
"Sony XPERIA E5","f3311"
"Sony Xperia E5","f3313"
"Sony Xperia L","c2105"
"Sony Xperia L1","g3311"
"Sony Xperia L1","g3313"
"Sony Xperia L1","g3312"
"Sony Xperia M","c1905"
"Sony XPERIA M2","d2303"
"Sony Xperia M2 Aqua","d2403"
"Sony Xperia M4 Aqua","e2333"
"Sony Xperia M4 Aqua","e2306"
"Sony XPERIA M4 Aqua","e2303"
"Sony XPERIA M5","e5603"
"Sony Xperia SP","c5303"
"Sony Xperia T2","d5322"
"Sony XPERIA T3","d5103"
"Sony Xperia Tablet Z","sgp321"
"Sony Xperia Tablet Z2","sgp511"
"Sony Xperia Tablet Z2","sgp521"
"Sony Xperia X","f5122"
"SONY Xperia X","sov33"
"Sony Xperia X","502so"
"Sony Xperia X Compact","so-02j"
"Sony Xperia X Performance","so-04h"
"Sony Xperia X Performance","f8131"
"Sony XPERIA XA","f3111"
"Sony Xperia XA","f3212"
"Sony Xperia XA","f3113"
"Sony Xperia XA Dual","f3112"
"Sony Xperia XA Ultra","f3213"
"Sony Xperia XA Ultra","f3211"
"Sony Xperia XA1","g3121"
"Sony Xperia XA1","g3123"
"Sony Xperia XA1","g3112"
"Sony Xperia XA1 Plus","g3412"
"Sony Xperia XA1 Plus ","g3421"
"Sony Xperia XA1 Ultra","g3212"
"Sony Xperia XA1 Ultra","g3223"
"Sony Xperia XA2","h4113"
"Sony Xperia XA2","h3113"
"Sony XPERIA XA2 Ultra","h3213"
"Sony Xperia XZ","f8331"
"Sony Xperia XZ","sov34"
"Sony Xperia xz","601so"
"Sony Xperia XZ","f8332"
"Sony Xperia XZ","so-01j"
"Sony Xperia XZ Premium","so-04j"
"Sony Xperia XZ Premium ","g8142"
"Sony Xperia XZ Premium Noir","g8141"
"Sony Xperia XZ1","701so"
"Sony Xperia XZ1","g8342"
"Sony Xperia XZ1","so-01k"
"Sony Xperia XZ1","sov36"
"Sony Xperia XZ1 ","g8341"
"Sony Xperia XZ1 Compact","g8441"
"Sony Xperia XZ1 Compact","so-02k"
"Sony Xperia XZ2","h8314"
"Sony Xperia XZ2","h8324"
"Sony Xperia XZ2","h8266"
"Sony Xperia XZ2","h8216"
"Sony Xperia XZs","sov35"
"SONY Xperia XZs","602so"
"Sony Xperia XZs","so-03j"
"Sony Xperia Z","c6603"
"Sony Xperia Z1","c6903"
"Sony Xperia Z1 Compact","d5503"
"Sony Xperia Z2","d6503"
"Sony Xperia Z2","d6502"
"Sony Xperia Z2","sgp512"
"Sony Xperia Z3","so-01g"
"Sony Xperia Z3","sgp611"
"Sony Xperia Z3","d6633"
"Sony Xperia Z3 Compact","so-02g"
"Sony XPERIA Z3 Compact","d5803"
"Sony Xperia Z3 SOL26","sol26"
"Sony Xperia Z3+","e6553"
"Sony Xperia Z4","sov31"
"Sony Xperia Z5","e6653"
"Sony Xperia Z5","so-01h"
"Sony Xperia Z5","e6683"
"Sony Xperia Z5","e6633"
"Sony Xperia Z5","e6603"
"Sony Xperia Z5 ","e6833"
"Sony Xperia Z5 Compact","e5823"
"Sony Xperia Z5 Compact","so-02h"
"Sony Xperia Z5 Compact","e5803"
"Sony Xperia Z5 Premium","so-03h"
"Sony XPERIA Z5 Premium","e6853"
"T-Mobile REVVL Plus","c3701a"
"T-Mobile REVVL Plus","revvlplus c3701a"
"TABLETTE POLAROID MID4X10","mid4x10"
"Tecno Boom J8","boom j8"
"Tecno Boom J8","tecno-j8"
"Tecno Camon Cx","camon cx"
"tecno camon cx","tecno camon cx"
"Tecno Camon CX","cx air"
"Tecno L9 Plus","l9 plus"
"Tecno L9 Plus","tecno l9 plus"
"Tecno Spark K7","tecno k7"
"Tecno Spark Plus K9","tecno k9"
"TECNO W3","w3"
"Tecno W3","tecno-w3"
"Tecno W4","w4"
"Tecno W5","tecno-w5"
"TECNO WX3","wx3"
"Telstra Evolution - T80","t80"
"Tesco Hudl 2","hudl 2"
"Test Wiko View Prime","view prime"
"Trekker M1 Core","trekker-m1 core"
"ulefone t1","t1"
"Unimax U673C","u673c"
"Verizon Ellipsis 10","qtair7"
"Verizon Ellipsis 7","qmv7b"
"Verizon Ellipsis 7","qmv7a"
"Verizon Ellipsis 8","qtaqz3"
"Vernee Thor","thor"
"Vestel Venus 5.0","vsp250g"
"Vestel Venus 5000","venus 5000 2gb"
"Vestel Vens E3","venus e3"
"Vestel Venus V3","v3 5580"
"Vestel Venus V3","venus v3 5570"
"Vestel Venus V3","venus v3 s010"
"Vestel Venus V3","venus v3 5040 2gb"
"Vestel Venus V3","v3 5070"
"Vestel Venus V3","v3 5580 dual"
"Vestel Venus V3","venus v3 5020"
"Vestel Venus V3","venus v3 5580"
"Vestel Venus V3 5040","venus v3 5040"
"Vestel Venus V4","venus v4"
"Vestel Venus V5","venus v5"
"Vestel Venus Z10","venus z10"
"vivo V5","vivo 1601"
"Vivo V5 1601","1601"
"Vivo V7","vivo 1718"
"Vivo V9 Youth","vivo 1727"
"vivo Y53","y53 1606"
"Vivo Y53","vivo 1606"
"Vivo Y53i","1606"
"vivo Y55s","vivo 1610"
"Vivo Y69","vivo 1714"
"Vivo Y71","vivo 1724"
"Vodafone Smart E8","vfd 510"
"Vodafone Smart N8","vfd610"
"Vodafone Smart N8","vfd 610"
"Vodafone Smart Platinum 7","vfd 900"
"VODAFONE Smart Prime 7","vfd 600"
"Vodafone Smart Speed 6","vf-795"
"Vodafone Smart turbo 7","vfd 500"
"Vodafone Smart ultra 6","smart ultra 6"
"Vodafone Smart ultra 7","vfd 700"
"Vodafone Smart V8","vfd 710"
"Vodafone Tab Prime 6","vf1497"
"Vodafone Tab Prime 7","vfd 1400"
"Wiko Fever","fever"
"Wiko Freddy","freddy"
"Wiko Harry","harry"
"Wiko Highway Star","highway star"
"Wiko Jerry","jerry"
"Wiko Jerry 2","jerry 2"
"Wiko Lenny 2","lenny2"
"Wiko Lenny 2","lenny 2"
"Wiko LENNY 3","lenny3"
"Wiko LENNY 3","lenny 3"
"Wiko LENNY 4","lenny4"
"Wiko LENNY 4","lenny 4"
"Wiko Lenny 4 Plus","lenny4 plus"
"Wiko Pulp","pulp"
"Wiko Pulp","pulp 4g"
"Wiko Pulp Fab 4G","pulp fab 4g"
"Wiko Rainbow","rainbow 4g"
"Wiko Rainbow","rainbow"
"Wiko Rainbow Jam","rainbow jam"
"Wiko Rainbow Jam","rainbow jam 4g"
"Wiko Rainbow Lite","rainbow lite 4g"
"Wiko Ridge","ridge 4g"
"Wiko Robby","robby"
"Wiko Sunny","sunny"
"Wiko SUNNY 2 Plus","sunny 2 plus"
"Wiko Sunset2","sunset2"
"Wiko Tommy","tommy"
"Wiko TOMMY 2","tommy 2"
"Wiko U FEEL LITE","u feel lite"
"Wiko U FEEL PRIME","u feel prime"
"Wiko U Pulse","puls"
"Wiko U Pulse Lite","u pulse lite"
"Wiko Ufeel","u feel"
"Wiko Upulse","u pulse"
"Wiko View","view"
"Wiko View XL","view xl"
"Wiko WIM LITE","wim lite"
"Wileyfox Swift 2 Plus","swift 2 plus"
"Wileyfox Swift 2 Plus","swift 2"
"Wileyfox Swift 2X","swift 2 x"
"Wintouch M703 Phone Tab","m703"
"Xiaomi Mi 4","mi 4w"
"Xiaomi Mi 4","mi 4lte"
"Xiaomi Mi 4c","mi-4c"
"Xiaomi Mi 5","mi 5"
"Xiaomi Mi 5s","mi 5s"
"Xiaomi Mi 5X","mi 5x"
"Xiaomi Mi 6","mi 6"
"Xiaomi Mi 8","mi 8"
"Xiaomi Mi A1","mi a1"
"Xiaomi Mi Max","max"
"Xiaomi Mi Max","mi max"
"Xiaomi Mi Max 2","mi max 2"
"Xiaomi Mi Mix 2","mix 2"
"Xiaomi MI Mix 2","mi mix 2"
"Xiaomi Mi Note 2","mi note 2"
"Xiaomi Mi Note 3","mi note 3"
"Xiaomi Mi5s Plus","mi 5s plus"
"Xiaomi MIX 2","mix"
"Xiaomi Redmi 3","redmi 3"
"Xiaomi redmi 3s","redmi 3s"
"Xiaomi Redmi 4A","redmi 4a"
"Xiaomi Redmi 4X","redmi 4x"
"Xiaomi Redmi 5","redmi 5"
"Xiaomi Redmi 5 Plus","redmi 5 plus"
"Xiaomi Redmi 5a","redmi 5a"
"Xiaomi Redmi Note 2","redmi note 2"
"Xiaomi Redmi Note 3","redmi note 3"
"Xiaomi Redmi Note 4","redmi note 4"
"Xiaomi Redmi Note 4","redmi 4"
"Xiaomi Redmi Note 4X","redmi note 4x"
"Xiaomi Redmi Note 5","redmi note 5"
"Xiaomi Redmi Note 5","redmi note 5 pro"
"Xiaomi Redmi Note 5A","redmi note 5a"
"Xiaomi Redmi Note 5A Prime","redmi note 5a prime"
"Xiaomi Redmi Pro","redmi pro"
"Xiaomi Redmi S2","redmi s2"
"Xperia Z5 ","sov32"
"Yuntab K107","k107"
"ZTE Avid 4","z855"
"ZTE Avid Plus","z828"
"ZTE AVID TRIO","z833"
"ZTE Axon 7","zte a2017g"
"ZTE Axon 7","a2017u"
"ZTE Axon 7","a2017g"
"ZTE Axon 7 mini","zte b2017g"
"ZTE Axon 7 Mini","b2017g"
"ZTE Blade A452","blade a452"
"ZTE Blade A462","zte blade a462"
"ZTE Blade A506","blade a506"
"ZTE Blade A510","blade a510"
"ZTE Blade A510","zte blade a510"
"ZTE Blade A511","zte blade a511"
"ZTE Blade A512","blade a512"
"ZTE Blade A520","blade a520"
"ZTE Blade A602","blade a602"
"ZTE Blade A610 Plus","blade a610"
"ZTE Blade A610 Plus","zte blade a610"
"ZTE Blade A612","blade a612"
"ZTE Blade Force","n9517"
"ZTE Blade L110","blade l110"
"ZTE Blade L2","blade l2 plus"
"ZTE Blade L3","zte blade l3"
"ZTE Blade L3","blade l3"
"ZTE Blade L5","zte blade l5"
"ZTE Blade L5 Plus","blade l5 plus"
"ZTE Blade L5 Plus","blade l5"
"ZTE Blade L7","blade l7"
"ZTE Blade Max 3","z986u"
"ZTE Blade Spark","z971"
"ZTE Blade V0730","blade v0730"
"ZTE Blade V580","blade v580"
"ZTE Blade V6","blade v6"
"ZTE Blade V6 Plus","blade v6 plus"
"ZTE Blade V7","zte blade v7"
"ZTE Blade V7","blade v7"
"ZTE Blade V7 Lite","blade v0720"
"ZTE Blade V7 Lite","zte blade v7 lite"
"ZTE Blade V7 Lite","zte blade v0720"
"ZTE Blade V7 Lite","blade v7 lite"
"ZTE Blade V8","blade v0800"
"ZTE Blade V8","blade v8 se"
"ZTE Blade Vantage","z839"
"ZTE Blade X","z965"
"ZTE Blade X Max","z983"
"zte blade x9","tt175"
"ZTE Blade Z","z982"
"ZTE Citrine","z717vl"
"ZTE Citrine","z716bl"
"ZTE Easy Touch Discovery 2","discovery ii"
"ZTE Grand X 4","z956"
"ZTE Grand X Max 2","z988"
"ZTE Grand X Max+","z987"
"ZTE Grand X3","z959"
"ZTE Jasper","z718tl"
"ZTE Lever","z936l"
"ZTE Majesty Pro","z798bl"
"ZTE Majesty Pro ","z799vl"
"ZTE Majesty Pro Plus LTE","z899vl"
"ZTE Maven","z812"
"ZTE Maven 2","z831"
"ZTE Maven 3","z835"
"ZTE Max Blue","z986dl"
"ZTE Max Duo 4G LTE","z963vl"
"ZTE MAX XL","n9560"
"ZTE Midnight Pro","z828tl"
"ZTE N817","n817"
"ZTE N818","n818s"
"ZTE N818","n818"
"ZTE Overture 3","z851m"
"ZTE Prestige","n9132"
"ZTE Prestige 2","n9136"
"ZTE Sonata 3","z832"
"ZTE Speed","n9130"
"ZTE Temp X N9137","n9137"
"ZTE Trek 2","k88"
"ZTE Warp 7","n9519"
"ZTE Warp Elite","n9518"
"ZTE Z837VL","z837vl"
"ZTE ZFive 2","z836bl"
"ZTE ZFive C","z558vl"
"ZTE ZFive G","z557bl"
"ZTE ZMAX 2","z958"
"ZTE Zmax Champ","z917vl"
"ZTE Zmax Pro","z981"
"ZTE ZMax Z970","z970"
"ZTE Zmax-One","z719dl"
"ZTE Zpad","k90u"
